k,Majority_mean,Majority_sd,Reliability-weighted_mean,Reliability-weighted_sd,Dawid-Skene_mean,Dawid-Skene_sd
3,0.8124111111111111,0.01712269088694521,0.8124222222222222,0.017127827332612925,0.8824777777777779,0.014554160238464935
5,0.8734222222222222,0.01619806420380588,0.8810333333333333,0.01833572711644916,0.9436222222222223,0.014295488367115033
7,0.9098888888888886,0.012987838566031076,0.9318888888888888,0.016138826735393796,0.9704444444444443,0.009218071355016339
